{
  "accuracy": 0.7063778580024067,
  "macro_f1": 0.6627120899594118,
  "weighted_f1": 0.7075461728664333,
  "report": {
    "por_bully": {
      "precision": 0.5333333333333333,
      "recall": 0.549618320610687,
      "f1-score": 0.5413533834586466,
      "support": 262.0
    },
    "por_nonbully": {
      "precision": 0.7896613190730838,
      "recall": 0.7785588752196837,
      "f1-score": 0.784070796460177,
      "support": 569.0
    },
    "accuracy": 0.7063778580024067,
    "macro avg": {
      "precision": 0.6614973262032086,
      "recall": 0.6640885979151854,
      "f1-score": 0.6627120899594118,
      "support": 831.0
    },
    "weighted avg": {
      "precision": 0.7088455161082046,
      "recall": 0.7063778580024067,
      "f1-score": 0.7075461728664333,
      "support": 831.0
    }
  }
}