{
  "accuracy": 0.7471910112359551,
  "macro_f1": 0.7082923631596199,
  "weighted_f1": 0.747789451975591,
  "report": {
    "por_bully": {
      "precision": 0.5964912280701754,
      "recall": 0.6071428571428571,
      "f1-score": 0.6017699115044248,
      "support": 56.0
    },
    "por_nonbully": {
      "precision": 0.8181818181818182,
      "recall": 0.8114754098360656,
      "f1-score": 0.8148148148148148,
      "support": 122.0
    },
    "accuracy": 0.7471910112359551,
    "macro avg": {
      "precision": 0.7073365231259968,
      "recall": 0.7093091334894613,
      "f1-score": 0.7082923631596199,
      "support": 178.0
    },
    "weighted avg": {
      "precision": 0.7484364639893912,
      "recall": 0.7471910112359551,
      "f1-score": 0.747789451975591,
      "support": 178.0
    }
  }
}