{
  "accuracy": 0.694344163658243,
  "macro_f1": 0.6814804307410001,
  "weighted_f1": 0.7051281313732971,
  "report": {
    "por_bully": {
      "precision": 0.5099502487562189,
      "recall": 0.7824427480916031,
      "f1-score": 0.6174698795180723,
      "support": 262.0
    },
    "por_nonbully": {
      "precision": 0.8671328671328671,
      "recall": 0.6537785588752196,
      "f1-score": 0.7454909819639278,
      "support": 569.0
    },
    "accuracy": 0.694344163658243,
    "macro avg": {
      "precision": 0.688541557944543,
      "recall": 0.7181106534834114,
      "f1-score": 0.6814804307410001,
      "support": 831.0
    },
    "weighted avg": {
      "precision": 0.7545193340225399,
      "recall": 0.694344163658243,
      "f1-score": 0.7051281313732971,
      "support": 831.0
    }
  }
}