{
  "best_threshold": 0.31,
  "val_macro_f1_at_best_t": 0.6334695211635888,
  "val_per_class_stats_at_best_t": {
    "precision": [
      0.8314606741573034,
      0.4606741573033708
    ],
    "recall": [
      0.6065573770491803,
      0.7321428571428571
    ],
    "f1": [
      0.7014218009478673,
      0.5655172413793104
    ],
    "support": [
      122,
      56
    ]
  },
  "params": {
    "word_min_df": 1,
    "word_max_df": 0.95,
    "char_min_df": 1,
    "char_ng": [
      3,
      6
    ],
    "C": 2.0,
    "oversample": true,
    "recall_floor": 0.7,
    "dedup_train": false
  }
}