{
  "accuracy": 0.6966292134831461,
  "macro_f1": 0.6198386331276696,
  "weighted_f1": 0.6831908619209376,
  "report": {
    "por_bully": {
      "precision": 0.5238095238095238,
      "recall": 0.39285714285714285,
      "f1-score": 0.4489795918367347,
      "support": 56.0
    },
    "por_nonbully": {
      "precision": 0.75,
      "recall": 0.8360655737704918,
      "f1-score": 0.7906976744186046,
      "support": 122.0
    },
    "accuracy": 0.6966292134831461,
    "macro avg": {
      "precision": 0.6369047619047619,
      "recall": 0.6144613583138173,
      "f1-score": 0.6198386331276696,
      "support": 178.0
    },
    "weighted avg": {
      "precision": 0.6788389513108615,
      "recall": 0.6966292134831461,
      "f1-score": 0.6831908619209376,
      "support": 178.0
    }
  }
}