{
  "accuracy": 0.7328519855595668,
  "macro_f1": 0.6607988644386915,
  "weighted_f1": 0.7185542382875394,
  "report": {
    "por_bully": {
      "precision": 0.6075268817204301,
      "recall": 0.4312977099236641,
      "f1-score": 0.5044642857142857,
      "support": 262.0
    },
    "por_nonbully": {
      "precision": 0.7689922480620155,
      "recall": 0.8717047451669596,
      "f1-score": 0.8171334431630972,
      "support": 569.0
    },
    "accuracy": 0.7328519855595668,
    "macro avg": {
      "precision": 0.6882595648912229,
      "recall": 0.6515012275453118,
      "f1-score": 0.6607988644386915,
      "support": 831.0
    },
    "weighted avg": {
      "precision": 0.7180849965800716,
      "recall": 0.7328519855595668,
      "f1-score": 0.7185542382875394,
      "support": 831.0
    }
  }
}