{
  "accuracy": 0.7557160048134778,
  "macro_f1": 0.6867126867126867,
  "weighted_f1": 0.7410306832689504,
  "report": {
    "por_bully": {
      "precision": 0.664804469273743,
      "recall": 0.4541984732824427,
      "f1-score": 0.5396825396825397,
      "support": 262.0
    },
    "por_nonbully": {
      "precision": 0.7806748466257669,
      "recall": 0.8945518453427065,
      "f1-score": 0.8337428337428338,
      "support": 569.0
    },
    "accuracy": 0.7557160048134778,
    "macro avg": {
      "precision": 0.7227396579497549,
      "recall": 0.6743751593125746,
      "f1-score": 0.6867126867126867,
      "support": 831.0
    },
    "weighted avg": {
      "precision": 0.7441429105653213,
      "recall": 0.7557160048134778,
      "f1-score": 0.7410306832689504,
      "support": 831.0
    }
  }
}