{
  "accuracy": 0.7696629213483146,
  "macro_f1": 0.7166375461075519,
  "weighted_f1": 0.7620878677424914,
  "report": {
    "por_bully": {
      "precision": 0.6666666666666666,
      "recall": 0.5357142857142857,
      "f1-score": 0.594059405940594,
      "support": 56.0
    },
    "por_nonbully": {
      "precision": 0.8045112781954887,
      "recall": 0.8770491803278688,
      "f1-score": 0.8392156862745098,
      "support": 122.0
    },
    "accuracy": 0.7696629213483146,
    "macro avg": {
      "precision": 0.7355889724310777,
      "recall": 0.7063817330210773,
      "f1-score": 0.7166375461075519,
      "support": 178.0
    },
    "weighted avg": {
      "precision": 0.7611444341190055,
      "recall": 0.7696629213483146,
      "f1-score": 0.7620878677424914,
      "support": 178.0
    }
  }
}