{
  "n_rows": 279127,
  "n_cols": 9,
  "labels_count": {
    "eng_neutral": 50000,
    "tur_nonbully": 38916,
    "eng_sex": 17000,
    "eng_race": 17000,
    "eng_religion": 15990,
    "ger_bully": 13779,
    "ger_nonbully": 13536,
    "rus_nonbully": 9667,
    "tur_bully": 9648,
    "spa_nonbully": 7365,
    "ind_nonbully": 7313,
    "ita_nonbully": 5997,
    "chi_nonbully": 5283,
    "fre_bully": 5085,
    "rus_bully": 4841,
    "urd_bully": 4841,
    "fre_nonbully": 4781,
    "por_nonbully": 4604,
    "ind_bully": 4539,
    "kor_bully": 3969,
    "spa_bully": 3815,
    "urd_nonbully": 3438,
    "ita_bully": 3218,
    "kor_nonbully": 3137,
    "hin_neutral": 3050,
    "chi_bully": 2783,
    "ara_nonbully": 2591,
    "por_bully": 2119,
    "ara_bully": 1570,
    "ben_political": 1205,
    "ben_troll": 1202,
    "ben_neutral": 1201,
    "ben_threat": 1201,
    "ben_sexual": 1201,
    "hin_fake": 1144,
    "hin_hate": 792,
    "hin_offense": 742,
    "hin_defame": 564
  },
  "labels_ratio": {
    "eng_neutral": 0.1791,
    "tur_nonbully": 0.1394,
    "eng_sex": 0.0609,
    "eng_race": 0.0609,
    "eng_religion": 0.0573,
    "ger_bully": 0.0494,
    "ger_nonbully": 0.0485,
    "rus_nonbully": 0.0346,
    "tur_bully": 0.0346,
    "spa_nonbully": 0.0264,
    "ind_nonbully": 0.0262,
    "ita_nonbully": 0.0215,
    "chi_nonbully": 0.0189,
    "fre_bully": 0.0182,
    "rus_bully": 0.0173,
    "urd_bully": 0.0173,
    "fre_nonbully": 0.0171,
    "por_nonbully": 0.0165,
    "ind_bully": 0.0163,
    "kor_bully": 0.0142,
    "spa_bully": 0.0137,
    "urd_nonbully": 0.0123,
    "ita_bully": 0.0115,
    "kor_nonbully": 0.0112,
    "hin_neutral": 0.0109,
    "chi_bully": 0.01,
    "ara_nonbully": 0.0093,
    "por_bully": 0.0076,
    "ara_bully": 0.0056,
    "ben_political": 0.0043,
    "ben_troll": 0.0043,
    "ben_neutral": 0.0043,
    "ben_threat": 0.0043,
    "ben_sexual": 0.0043,
    "hin_fake": 0.0041,
    "hin_hate": 0.0028,
    "hin_offense": 0.0027,
    "hin_defame": 0.002
  },
  "langs_count": {
    "eng": 99990,
    "tur": 48564,
    "ger": 27315,
    "rus": 14508,
    "ind": 11852,
    "spa": 11180,
    "fre": 9866,
    "ita": 9215,
    "urd": 8279,
    "chi": 8066,
    "kor": 7106,
    "por": 6723,
    "hin": 6292,
    "ben": 6010,
    "ara": 4161
  },
  "len_words_describe": {
    "count": 279127.0,
    "mean": 19.995077509520755,
    "std": 19.44021927917666,
    "min": 0.0,
    "25%": 9.0,
    "50%": 15.0,
    "75%": 26.0,
    "max": 2855.0
  },
  "noise_ratio": {
    "has_url": 0.102,
    "has_user": 0.254,
    "has_hash": 0.056,
    "has_emoji": 0.095
  },
  "vocab_size": 384303
}