{
  "accuracy": 0.740072202166065,
  "macro_f1": 0.7101499825601674,
  "weighted_f1": 0.7445549316950384,
  "report": {
    "por_bully": {
      "precision": 0.5761589403973509,
      "recall": 0.6641221374045801,
      "f1-score": 0.6170212765957447,
      "support": 262.0
    },
    "por_nonbully": {
      "precision": 0.833648393194707,
      "recall": 0.7750439367311072,
      "f1-score": 0.8032786885245902,
      "support": 569.0
    },
    "accuracy": 0.740072202166065,
    "macro avg": {
      "precision": 0.7049036667960289,
      "recall": 0.7195830370678437,
      "f1-score": 0.7101499825601674,
      "support": 831.0
    },
    "weighted avg": {
      "precision": 0.7524663996533023,
      "recall": 0.740072202166065,
      "f1-score": 0.7445549316950384,
      "support": 831.0
    }
  }
}