{
  "accuracy": 0.7359550561797753,
  "macro_f1": 0.69814180046906,
  "weighted_f1": 0.737755687404095,
  "report": {
    "por_bully": {
      "precision": 0.576271186440678,
      "recall": 0.6071428571428571,
      "f1-score": 0.591304347826087,
      "support": 56.0
    },
    "por_nonbully": {
      "precision": 0.8151260504201681,
      "recall": 0.7950819672131147,
      "f1-score": 0.8049792531120332,
      "support": 122.0
    },
    "accuracy": 0.7359550561797753,
    "macro avg": {
      "precision": 0.695698618430423,
      "recall": 0.7011124121779859,
      "f1-score": 0.69814180046906,
      "support": 178.0
    },
    "weighted avg": {
      "precision": 0.7399806999547105,
      "recall": 0.7359550561797753,
      "f1-score": 0.737755687404095,
      "support": 178.0
    }
  }
}