{
  "accuracy": 0.7460890493381468,
  "macro_f1": 0.6978634827694943,
  "weighted_f1": 0.7424576060724349,
  "report": {
    "por_bully": {
      "precision": 0.6075949367088608,
      "recall": 0.549618320610687,
      "f1-score": 0.5771543086172345,
      "support": 262.0
    },
    "por_nonbully": {
      "precision": 0.8013468013468014,
      "recall": 0.836555360281195,
      "f1-score": 0.8185726569217541,
      "support": 569.0
    },
    "accuracy": 0.7460890493381468,
    "macro avg": {
      "precision": 0.7044708690278311,
      "recall": 0.693086840445941,
      "f1-score": 0.6978634827694943,
      "support": 831.0
    },
    "weighted avg": {
      "precision": 0.7402601725439849,
      "recall": 0.7460890493381468,
      "f1-score": 0.7424576060724349,
      "support": 831.0
    }
  }
}