{
  "accuracy": 0.6883273164861613,
  "macro_f1": 0.5322745734645048,
  "weighted_f1": 0.6320833070221058,
  "report": {
    "por_bully": {
      "precision": 0.5168539325842697,
      "recall": 0.17557251908396945,
      "f1-score": 0.2621082621082621,
      "support": 262.0
    },
    "por_nonbully": {
      "precision": 0.7088948787061995,
      "recall": 0.9244288224956063,
      "f1-score": 0.8024408848207475,
      "support": 569.0
    },
    "accuracy": 0.6883273164861613,
    "macro avg": {
      "precision": 0.6128744056452347,
      "recall": 0.5500006707897879,
      "f1-score": 0.5322745734645048,
      "support": 831.0
    },
    "weighted avg": {
      "precision": 0.6483476730696824,
      "recall": 0.6883273164861613,
      "f1-score": 0.6320833070221058,
      "support": 831.0
    }
  }
}