{
  "accuracy": 0.7078651685393258,
  "macro_f1": 0.5473395931142411,
  "weighted_f1": 0.6472894796996712,
  "report": {
    "por_bully": {
      "precision": 0.625,
      "recall": 0.17857142857142858,
      "f1-score": 0.2777777777777778,
      "support": 56.0
    },
    "por_nonbully": {
      "precision": 0.7160493827160493,
      "recall": 0.9508196721311475,
      "f1-score": 0.8169014084507042,
      "support": 122.0
    },
    "accuracy": 0.7078651685393258,
    "macro avg": {
      "precision": 0.6705246913580247,
      "recall": 0.564695550351288,
      "f1-score": 0.5473395931142411,
      "support": 178.0
    },
    "weighted avg": {
      "precision": 0.687404633097517,
      "recall": 0.7078651685393258,
      "f1-score": 0.6472894796996712,
      "support": 178.0
    }
  }
}