{
  "accuracy": 0.6991576413959085,
  "macro_f1": 0.511562623431828,
  "weighted_f1": 0.6233911098686683,
  "report": {
    "por_bully": {
      "precision": 0.6111111111111112,
      "recall": 0.12595419847328243,
      "f1-score": 0.2088607594936709,
      "support": 262.0
    },
    "por_nonbully": {
      "precision": 0.7052767052767053,
      "recall": 0.9630931458699473,
      "f1-score": 0.8142644873699851,
      "support": 569.0
    },
    "accuracy": 0.6991576413959085,
    "macro avg": {
      "precision": 0.6581939081939082,
      "recall": 0.5445236721716149,
      "f1-score": 0.511562623431828,
      "support": 831.0
    },
    "weighted avg": {
      "precision": 0.6755879138550619,
      "recall": 0.6991576413959085,
      "f1-score": 0.6233911098686683,
      "support": 831.0
    }
  }
}