{
  "accuracy": 0.7134831460674157,
  "macro_f1": 0.49552653514865236,
  "weighted_f1": 0.6184764182310316,
  "report": {
    "por_bully": {
      "precision": 1.0,
      "recall": 0.08928571428571429,
      "f1-score": 0.16393442622950818,
      "support": 56.0
    },
    "por_nonbully": {
      "precision": 0.7052023121387283,
      "recall": 1.0,
      "f1-score": 0.8271186440677966,
      "support": 122.0
    },
    "accuracy": 0.7134831460674157,
    "macro avg": {
      "precision": 0.8526011560693642,
      "recall": 0.5446428571428571,
      "f1-score": 0.49552653514865236,
      "support": 178.0
    },
    "weighted avg": {
      "precision": 0.7979476521400273,
      "recall": 0.7134831460674157,
      "f1-score": 0.6184764182310316,
      "support": 178.0
    }
  }
}