{
  "accuracy": 0.7509025270758123,
  "macro_f1": 0.6643420094950603,
  "weighted_f1": 0.7273137604365078,
  "report": {
    "por_bully": {
      "precision": 0.6870748299319728,
      "recall": 0.38549618320610685,
      "f1-score": 0.4938875305623472,
      "support": 262.0
    },
    "por_nonbully": {
      "precision": 0.7646198830409356,
      "recall": 0.9191564147627417,
      "f1-score": 0.8347964884277733,
      "support": 569.0
    },
    "accuracy": 0.7509025270758123,
    "macro avg": {
      "precision": 0.7258473564864543,
      "recall": 0.6523262989844243,
      "f1-score": 0.6643420094950603,
      "support": 831.0
    },
    "weighted avg": {
      "precision": 0.7401712622051374,
      "recall": 0.7509025270758123,
      "f1-score": 0.7273137604365078,
      "support": 831.0
    }
  }
}