{
  "accuracy": 0.7752808988764045,
  "macro_f1": 0.6933677863910421,
  "weighted_f1": 0.7521315410001065,
  "report": {
    "por_bully": {
      "precision": 0.7666666666666667,
      "recall": 0.4107142857142857,
      "f1-score": 0.5348837209302325,
      "support": 56.0
    },
    "por_nonbully": {
      "precision": 0.777027027027027,
      "recall": 0.9426229508196722,
      "f1-score": 0.8518518518518519,
      "support": 122.0
    },
    "accuracy": 0.7752808988764045,
    "macro avg": {
      "precision": 0.7718468468468469,
      "recall": 0.676668618266979,
      "f1-score": 0.6933677863910421,
      "support": 178.0
    },
    "weighted avg": {
      "precision": 0.7737675878125316,
      "recall": 0.7752808988764045,
      "f1-score": 0.7521315410001065,
      "support": 178.0
    }
  }
}