{
  "accuracy": 0.7783783783783784,
  "macro_f1": 0.7768454017371178,
  "weighted_f1": 0.7790115643823773,
  "report": {
    "told_nontoxic": {
      "precision": 0.8213058419243986,
      "recall": 0.7709677419354839,
      "f1-score": 0.7953410981697171,
      "support": 310.0
    },
    "told_toxic": {
      "precision": 0.7310606060606061,
      "recall": 0.7877551020408163,
      "f1-score": 0.7583497053045186,
      "support": 245.0
    },
    "accuracy": 0.7783783783783784,
    "macro avg": {
      "precision": 0.7761832239925024,
      "recall": 0.7793614219881502,
      "f1-score": 0.7768454017371178,
      "support": 555.0
    },
    "weighted avg": {
      "precision": 0.7814678549214632,
      "recall": 0.7783783783783784,
      "f1-score": 0.7790115643823773,
      "support": 555.0
    }
  }
}