{
  "accuracy": 0.7371868978805395,
  "macro_f1": 0.7342456546261158,
  "weighted_f1": 0.7375747541338701,
  "report": {
    "told_nontoxic": {
      "precision": 0.7718926553672316,
      "recall": 0.7527548209366391,
      "f1-score": 0.7622036262203626,
      "support": 1452.0
    },
    "told_toxic": {
      "precision": 0.6955046649703138,
      "recall": 0.7174103237095363,
      "f1-score": 0.7062876830318691,
      "support": 1143.0
    },
    "accuracy": 0.7371868978805395,
    "macro avg": {
      "precision": 0.7336986601687727,
      "recall": 0.7350825723230877,
      "f1-score": 0.7342456546261158,
      "support": 2595.0
    },
    "weighted avg": {
      "precision": 0.7382466156663926,
      "recall": 0.7371868978805395,
      "f1-score": 0.7375747541338701,
      "support": 2595.0
    }
  }
}