{
  "accuracy": 0.7412755716004813,
  "macro_f1": 0.7081405055206065,
  "weighted_f1": 0.744470738686755,
  "report": {
    "por_bully": {
      "precision": 0.5813148788927336,
      "recall": 0.6412213740458015,
      "f1-score": 0.6098003629764065,
      "support": 262.0
    },
    "por_nonbully": {
      "precision": 0.8265682656826568,
      "recall": 0.7873462214411248,
      "f1-score": 0.8064806480648065,
      "support": 569.0
    },
    "accuracy": 0.7412755716004813,
    "macro avg": {
      "precision": 0.7039415722876952,
      "recall": 0.7142837977434631,
      "f1-score": 0.7081405055206065,
      "support": 831.0
    },
    "weighted avg": {
      "precision": 0.7492440931929338,
      "recall": 0.7412755716004813,
      "f1-score": 0.744470738686755,
      "support": 831.0
    }
  }
}