{
  "accuracy": 0.7134831460674157,
  "macro_f1": 0.6878588866348039,
  "weighted_f1": 0.7210196929593604,
  "report": {
    "por_bully": {
      "precision": 0.5352112676056338,
      "recall": 0.6785714285714286,
      "f1-score": 0.5984251968503937,
      "support": 56.0
    },
    "por_nonbully": {
      "precision": 0.8317757009345794,
      "recall": 0.7295081967213115,
      "f1-score": 0.777292576419214,
      "support": 122.0
    },
    "accuracy": 0.7134831460674157,
    "macro avg": {
      "precision": 0.6834934842701066,
      "recall": 0.7040398126463701,
      "f1-score": 0.6878588866348039,
      "support": 178.0
    },
    "weighted avg": {
      "precision": 0.7384745308985066,
      "recall": 0.7134831460674157,
      "f1-score": 0.7210196929593604,
      "support": 178.0
    }
  }
}