{
  "accuracy": 0.6460674157303371,
  "macro_f1": 0.6334695211635888,
  "weighted_f1": 0.6586653102970854,
  "report": {
    "por_bully": {
      "precision": 0.4606741573033708,
      "recall": 0.7321428571428571,
      "f1-score": 0.5655172413793104,
      "support": 56.0
    },
    "por_nonbully": {
      "precision": 0.8314606741573034,
      "recall": 0.6065573770491803,
      "f1-score": 0.7014218009478673,
      "support": 122.0
    },
    "accuracy": 0.6460674157303371,
    "macro avg": {
      "precision": 0.6460674157303371,
      "recall": 0.6693501170960188,
      "f1-score": 0.6334695211635888,
      "support": 178.0
    },
    "weighted avg": {
      "precision": 0.7148087362706729,
      "recall": 0.6460674157303371,
      "f1-score": 0.6586653102970854,
      "support": 178.0
    }
  }
}