{
  "accuracy": 0.6835138387484958,
  "macro_f1": 0.6722581709392738,
  "weighted_f1": 0.69469641780571,
  "report": {
    "por_bully": {
      "precision": 0.4987951807228916,
      "recall": 0.7900763358778626,
      "f1-score": 0.6115214180206795,
      "support": 262.0
    },
    "por_nonbully": {
      "precision": 0.8677884615384616,
      "recall": 0.6344463971880492,
      "f1-score": 0.732994923857868,
      "support": 569.0
    },
    "accuracy": 0.6835138387484958,
    "macro avg": {
      "precision": 0.6832918211306765,
      "recall": 0.7122613665329559,
      "f1-score": 0.6722581709392738,
      "support": 831.0
    },
    "weighted avg": {
      "precision": 0.7514512298011821,
      "recall": 0.6835138387484958,
      "f1-score": 0.69469641780571,
      "support": 831.0
    }
  }
}