{
  "accuracy": 0.7316486161251504,
  "macro_f1": 0.6862850322919224,
  "weighted_f1": 0.7303566153197737,
  "report": {
    "por_bully": {
      "precision": 0.5770750988142292,
      "recall": 0.5572519083969466,
      "f1-score": 0.566990291262136,
      "support": 262.0
    },
    "por_nonbully": {
      "precision": 0.7993079584775087,
      "recall": 0.81195079086116,
      "f1-score": 0.8055797733217088,
      "support": 569.0
    },
    "accuracy": 0.7316486161251504,
    "macro avg": {
      "precision": 0.688191528645869,
      "recall": 0.6846013496290533,
      "f1-score": 0.6862850322919224,
      "support": 831.0
    },
    "weighted avg": {
      "precision": 0.7292417620493747,
      "recall": 0.7316486161251504,
      "f1-score": 0.7303566153197737,
      "support": 831.0
    }
  }
}