{
  "accuracy": 0.6910112359550562,
  "macro_f1": 0.6528738077509484,
  "weighted_f1": 0.6955360155724927,
  "report": {
    "por_bully": {
      "precision": 0.5079365079365079,
      "recall": 0.5714285714285714,
      "f1-score": 0.5378151260504201,
      "support": 56.0
    },
    "por_nonbully": {
      "precision": 0.7913043478260869,
      "recall": 0.7459016393442623,
      "f1-score": 0.7679324894514767,
      "support": 122.0
    },
    "accuracy": 0.6910112359550562,
    "macro avg": {
      "precision": 0.6496204278812974,
      "recall": 0.6586651053864169,
      "f1-score": 0.6528738077509484,
      "support": 178.0
    },
    "weighted avg": {
      "precision": 0.7021549150518374,
      "recall": 0.6910112359550562,
      "f1-score": 0.6955360155724927,
      "support": 178.0
    }
  }
}