{
  "accuracy": 0.6947218259629101,
  "macro_f1": 0.6713332982788236,
  "weighted_f1": 0.7037270344829863,
  "report": {
    "hatebr_hate": {
      "precision": 0.5119453924914675,
      "recall": 0.6787330316742082,
      "f1-score": 0.5836575875486382,
      "support": 221.0
    },
    "hatebr_nonhate": {
      "precision": 0.8259803921568627,
      "recall": 0.7020833333333333,
      "f1-score": 0.759009009009009,
      "support": 480.0
    },
    "accuracy": 0.6947218259629101,
    "macro avg": {
      "precision": 0.6689628923241651,
      "recall": 0.6904081825037707,
      "f1-score": 0.6713332982788236,
      "support": 701.0
    },
    "weighted avg": {
      "precision": 0.7269764906931646,
      "recall": 0.6947218259629101,
      "f1-score": 0.7037270344829863,
      "support": 701.0
    }
  }
}