{
  "accuracy": 0.7066666666666667,
  "macro_f1": 0.6790507683330091,
  "weighted_f1": 0.7141982753031187,
  "report": {
    "hatebr_hate": {
      "precision": 0.5254237288135594,
      "recall": 0.6595744680851063,
      "f1-score": 0.5849056603773585,
      "support": 47.0
    },
    "hatebr_nonhate": {
      "precision": 0.8241758241758241,
      "recall": 0.7281553398058253,
      "f1-score": 0.7731958762886598,
      "support": 103.0
    },
    "accuracy": 0.7066666666666667,
    "macro avg": {
      "precision": 0.6747997764946918,
      "recall": 0.6938649039454658,
      "f1-score": 0.6790507683330091,
      "support": 150.0
    },
    "weighted avg": {
      "precision": 0.7305668342956478,
      "recall": 0.7066666666666667,
      "f1-score": 0.7141982753031187,
      "support": 150.0
    }
  }
}