{
  "accuracy": 0.6966292134831461,
  "macro_f1": 0.670641447368421,
  "weighted_f1": 0.7049452986398581,
  "report": {
    "por_bully": {
      "precision": 0.5138888888888888,
      "recall": 0.6607142857142857,
      "f1-score": 0.578125,
      "support": 56.0
    },
    "por_nonbully": {
      "precision": 0.8207547169811321,
      "recall": 0.7131147540983607,
      "f1-score": 0.7631578947368421,
      "support": 122.0
    },
    "accuracy": 0.6966292134831461,
    "macro avg": {
      "precision": 0.6673218029350105,
      "recall": 0.6869145199063231,
      "f1-score": 0.670641447368421,
      "support": 178.0
    },
    "weighted avg": {
      "precision": 0.7242126587049208,
      "recall": 0.6966292134831461,
      "f1-score": 0.7049452986398581,
      "support": 178.0
    }
  }
}