{
  "best_threshold": 0.33,
  "val_macro_f1_at_best_t": 0.670641447368421,
  "val_per_class_stats_at_best_t": {
    "precision": [
      0.8207547169811321,
      0.5138888888888888
    ],
    "recall": [
      0.7131147540983607,
      0.6607142857142857
    ],
    "f1": [
      0.7631578947368421,
      0.578125
    ],
    "support": [
      122,
      56
    ]
  },
  "params": {
    "word_min_df": 1,
    "word_max_df": 0.9,
    "char_min_df": 1,
    "char_ng": [
      3,
      7
    ],
    "C": 3.0,
    "recall_floor": 0.6,
    "dedup_train": false
  }
}