{
  "accuracy": 0.8601156069364162,
  "macro_f1": 0.8595683132767751,
  "weighted_f1": 0.8595784483445462,
  "report": {
    "hatebr_hate": {
      "precision": 0.8209876543209876,
      "recall": 0.9214780600461894,
      "f1-score": 0.8683351468988031,
      "support": 433.0
    },
    "hatebr_nonhate": {
      "precision": 0.9102902374670184,
      "recall": 0.7986111111111112,
      "f1-score": 0.8508014796547472,
      "support": 432.0
    },
    "accuracy": 0.8601156069364162,
    "macro avg": {
      "precision": 0.865638945894003,
      "recall": 0.8600445855786503,
      "f1-score": 0.8595683132767751,
      "support": 865.0
    },
    "weighted avg": {
      "precision": 0.8655873259037452,
      "recall": 0.8601156069364162,
      "f1-score": 0.8595784483445462,
      "support": 865.0
    }
  }
}