{
  "accuracy": 0.9135135135135135,
  "macro_f1": 0.9135109864422627,
  "weighted_f1": 0.9135135135135135,
  "report": {
    "hatebr_hate": {
      "precision": 0.9130434782608695,
      "recall": 0.9130434782608695,
      "f1-score": 0.9130434782608695,
      "support": 92.0
    },
    "hatebr_nonhate": {
      "precision": 0.9139784946236559,
      "recall": 0.9139784946236559,
      "f1-score": 0.9139784946236559,
      "support": 93.0
    },
    "accuracy": 0.9135135135135135,
    "macro avg": {
      "precision": 0.9135109864422627,
      "recall": 0.9135109864422627,
      "f1-score": 0.9135109864422627,
      "support": 185.0
    },
    "weighted avg": {
      "precision": 0.9135135135135135,
      "recall": 0.9135135135135135,
      "f1-score": 0.9135135135135135,
      "support": 185.0
    }
  }
}